{"music_volume": 0.09142857142857143, "music_enabled": true, "sfx_volume": 0.08857142857142856, "sfx_enabled": true}